<?xml version="1.0" encoding="UTF-8"?>
<module>
	<permissions>
		<title>Cấu hình chung</title>
		<item>
			<param>backend/system/general/index</param>
			<description>Xem</description>
		</item>
		<item>
			<param>backend/system/general/translator/en</param>
			<description>Xem bản dịch</description>
		</item>
		<item>
			<param>backend/system/general/translator/jp</param>
			<description>Xem bản dịch</description>
		</item>
		<item>
			<param>backend/system/general/translator/vi</param>
			<description>Xem bản dịch</description>
		</item>
	</permissions>
	<permissions>
		<title>General System</title>
		<item>
			<param>backend/system/general/index</param>
			<description>Xem Toàn Bộ</description>
		</item>
		<item>
			<param>backend/system/general/index</param>
			<description>Xem</description>
		</item>
	</permissions>
	<permissions>
		<title>Slide</title>
		<item>
			<param>backend/slide/slide/index</param>
			<description>Xem Toàn Bộ</description>
		</item>
		<item>
			<param>backend/system/general/index</param>
			<description>Xem</description>
		</item>
	</permissions>
</module>